name,workday,NAME_1,Degree Centrality,Betweenness Centrality,Closeness Centrality,Eigenvector Centrality,PageRank,Labour Day,Have to work,weekend,Transfer Lines,FDof Study Area,FM of Study Area,FAR of Study Area,BD of Study Area,Distance to city center,FD of Regulated Area,FM of Regulated Area,FAR of Regulated Area,BD of Regulated Area,Road Density,Balance Coefficient,Peak Hour Coefficient,Subway Inflow/Outflow,Bus Inflow/Outflow
T2航站楼,148.2314814814815,D2,,,,,,211.56944444444449,160.11111111111111,110.5,0,268,3.447157091584669,0.3175526687017246,0.0685989237950606,25.22499168447781,150,3.2838777066554043,0.1615017359377629,0.0335352324500856,16.663333086618813,1.2585120512529249,1.6639511101184503,0.8381810381810382,0.0
T3航站楼,192.35294117647055,D2,,,,,,240.3235294117647,204.4705882352941,149.7058823529412,0,209,3.8142109966298254,0.3959037137635003,0.0789965021157477,24.445433923230794,108,3.459389038394335,0.1228930055512777,0.040427380437914,18.742681647366883,1.2913796936683772,1.6076378321878346,0.7964439444335747,0.0
万源街,266.1171171171171,D4,0.0045351473922902,0.0345701917130488,0.0580181926064637,3.1360599549655457e-10,0.001935076898523,135.65753424657535,242.57894736842104,133.47368421052633,1,1748,3.6805621334335576,1.5176958316112403,0.2211188736016415,14.355029202125165,855,3.3979189085162456,0.4477446699059754,0.058061411064931,15.8972860519693,2.6760459740204863,5.471105540938375,0.8919596884214233,0.32304595773230466
东单,1196.9130434782608,D0,0.0090702947845804,0.0917542774685631,0.0885447604647395,5.755668942064726e-14,0.0024469106629029,473.4078947368421,1021.7368421052632,403.3684210526316,2,2330,4.302988460862558,2.3437345586051137,0.2885912770658694,1.475776503699376,241,3.7259336257395512,0.3161472878260989,0.0310142016921562,20.604065409849618,2.771507427538287,5.961894805959562,0.9352483107596279,0.7187559992320983
东四,688.4298245614035,D0,0.0090702947845804,0.0879921665635951,0.092675843238872,8.745820094783766e-12,0.0030518361412755,404.8831168831169,617.1052631578947,368.42105263157896,2,2050,4.207606555231352,1.896782920600516,0.3396087616817463,2.336717646301896,315,4.062718508830107,0.3015863257351696,0.0510116603978324,19.747903567728123,2.6235526152289483,4.464136815808101,0.9924892106915489,0.0
东四十条,1154.219298245614,D0,0.0068027210884353,0.0715419501133786,0.0884547393581263,3.036258197013691e-09,0.0015924666237811,363.2236842105263,990.157894736842,536.9473684210526,1,3544,3.855563173424406,2.2454677697206,0.268650564737416,4.088185180050696,734,3.185451479766912,0.3571185663826077,0.0284668918559389,19.655844606038368,2.93009985112594,5.925528846404037,0.9368538167213916,291.6666666666667
东夏园,236.91666666666663,D3,0.0045351473922902,0.0089878375592661,0.0420716062053448,2.808022821946321e-29,0.0021790769835133,152.41095890410958,222.0,130.8421052631579,1,93,3.2265888987653466,0.3899962848325642,0.0787604102462428,28.269705821948303,16,2.133381930264545,0.1224759340734241,0.0323680961258597,18.71169765034768,2.1743367749694285,3.1444867156852303,1.0052807312510361,0.0
东直门,2500.2017543859647,D0,0.0113378684807256,0.0652958152958153,0.0899918097151976,2.204484764645016e-07,0.0035638817885126,1783.1447368421052,2302.7894736842104,1485.0526315789473,3,2429,4.033052474193577,1.90393529262786,0.2277231611874714,4.709204272460906,593,3.810165443575948,0.3457697627962937,0.0272128469692112,19.49245146604984,2.1744867240791765,2.826256844419262,0.9083584111994147,0.0
中国美术馆,195.65740740740745,D0,0.0045351473922902,0.0327045969903112,0.0870563154219062,4.03078067375842e-12,0.0016631772527922,298.09589041095893,186.33333333333331,137.0,1,1926,4.233946310275016,1.9367873359871524,0.3370809960214299,2.1540572870523222,342,3.9502448109566366,0.2934215858855312,0.0454688592655017,21.187342865943084,1.9638193102064505,3.931760333502341,1.1831587361689595,0.8939921392476137
临河里,434.0275229357798,D3,0.0045351473922902,0.0154710368996083,0.0422185955127392,1.3388894006354743e-31,0.0017613829507097,219.23611111111111,414.3888888888889,195.22222222222223,1,938,3.83666385552052,0.9456552755009522,0.1280644005706929,23.81007620841312,118,3.4873187314847387,0.1563090119261207,0.0274535646011071,20.909321024625243,1.5104353234141312,3.6405479239320937,0.706052792103366,1.6988684185916019
义和庄,225.19642857142856,D5,0.0045351473922902,0.0089878375592661,0.0483517181464116,3.760778332726678e-17,0.0030984900636933,195.24657534246572,221.61111111111111,154.27777777777777,1,68,3.155285934820125,0.3673743837745215,0.0527414037055337,22.61944438151645,21,2.5164103001539404,0.1880267231329567,0.0215068934292595,18.848120127819787,1.4720869726948334,2.815842983983373,1.1030430452583824,0.25660377358490566
九棵树,463.2090909090909,D3,0.0045351473922902,0.0238816738816738,0.0458302157778408,2.8866023306797908e-28,0.0019491901303915,301.2191780821918,407.2105263157895,275.1111111111111,1,1600,3.893161746410125,1.254279006374304,0.2106002842137189,21.82485236080641,704,3.771045972031534,0.3450092270322586,0.047382780279088,36.524077512143776,1.5708813755879607,3.207704301876145,0.8981670547495373,1.2703596527490701
五福堂,87.35454545454546,D4,0.0045351473922902,0.0089878375592661,0.0542284228575499,8.247748687126293e-18,0.0027351297505397,67.24324324324324,81.21052631578948,60.72222222222222,1,456,3.5739229479934767,0.7792474897782196,0.1686807946528396,13.498148078882965,194,3.471285553673104,0.2319235603617726,0.0409603142635365,18.67811093612284,1.672615053823419,2.793420971462796,1.0856478722136131,0.0
亦庄文化园,186.78703703703704,D4,0.0045351473922902,0.0387445887445887,0.0570069988419951,8.446688476602807e-12,0.0017992594725869,100.0,173.66666666666666,102.61111111111111,0,1038,3.785532318394924,0.9726139327717588,0.1265492187570348,13.254419245876012,377,3.55842374821568,0.2848586129020776,0.0286253375680932,12.857885332581631,1.946603280541978,2.6138347728860527,0.9665686181484644,0.0
亦庄桥,258.05357142857144,D4,0.0045351473922902,0.0428983714698,0.0588103836911268,1.449356954239196e-13,0.0019552640943999,164.5,243.68421052631575,164.89473684210526,1,628,3.908607999407701,0.9101615570831706,0.1379516341878172,13.148804926633291,136,3.5707713960327023,0.2102038885729187,0.0299766363790941,15.561237809266396,1.7495135915314393,3.0608218596624592,1.215017783109203,0.0
亦庄火车站,27.21296296296296,D4,0.0022675736961451,0.0,0.0544592398802285,1.7547285305344114e-14,0.0010111433737813,17.805555555555557,24.0,15.72222222222222,1,68,1.9874337619010043,0.2267630960336508,0.0697635186981256,19.888757280575067,15,1.7075391741350712,0.083826059563303,0.0285357025900826,11.543176549307615,1.766460425256675,3.22810895021072,1.0870815362497432,0.0
什刹海,175.8859649122807,D0,0.0045351473922902,0.0219645433931148,0.0889248585779364,8.067096905008789e-12,0.0014273627938059,424.0394736842105,162.68421052631578,187.73684210526315,1,1600,3.955189348433075,1.4862371433050463,0.3374818178486711,3.604097857969408,320,3.4216889671476984,0.2219513174526022,0.0474578134281238,20.69121704853397,1.675793625232167,2.41956108723042,1.636073657712335,0.9409363328411361
俸伯,562.2105263157895,D2,0.0022675736961451,0.0,0.041462105238588,2.14338693875832e-27,0.0015369849706297,444.5466666666667,569.5263157894736,386.35,1,148,3.2404643593558524,0.306845090539761,0.085480022993432,34.84453118756689,101,3.35066591250624,0.1453748605381622,0.0387765680899038,8.958215973979636,1.8459316330212625,3.4685497855101555,1.208672495672629,0.9155351319300326
前门,546.0,D0,0.0090702947845804,0.1397443826015254,0.0875292571757073,2.101451367812757e-11,0.0035927205667153,,506.10526315789474,523.1052631578947,1,1134,3.897082857174329,1.677309558021469,0.2904482335457535,0.7633226304053483,107,3.60754925264377,0.1396825935408899,0.0245449296087453,32.35888077715681,2.0128066607556896,2.556446124297893,0.6336994033017582,1.0640657777349118
北京站,1607.1842105263158,D0,0.0045351473922902,0.0906411049268192,0.0861597164118172,4.157375791328222e-14,0.0013963238767762,2187.4210526315787,1732.7368421052631,1353.4736842105262,1,1987,4.043754808506806,1.9792207567217708,0.2649193647527814,2.0417201259499587,456,3.707090746349942,0.2538917936509778,0.0392306264754028,21.696956898396976,1.367963488865243,2.0879524426388767,1.0994423462016172,0.0
北新桥,503.359649122807,D0,0.0068027210884353,0.0239435168006596,0.0858875435662912,6.623650092161418e-09,0.0016763642223375,349.85526315789474,448.1578947368421,346.63157894736844,1,2174,4.005882080633934,1.54423933969358,0.3316728937102298,4.071809732458398,525,3.702211951039694,0.2322997575124565,0.0445000776741886,17.582618980775106,2.3003642683760366,2.8412468940127464,1.0265918566942915,0.9216296017087573
北海北,443.9824561403509,D0,0.0045351473922902,0.0741084312512884,0.0944669724567351,6.970362675129905e-09,0.0016311800786377,837.2631578947369,371.7894736842105,304.2631578947368,1,832,4.159667515361621,1.0974424472886808,0.230659517133405,3.3823989366161853,155,3.684347197872921,0.1524236359332369,0.035428227320097,17.997012522902793,1.8060155594996403,3.898840218912108,0.9757979628501106,0.7996311324234601
北运河东,23.03669724770642,D3,0.0045351473922902,0.0178932178932178,0.0459075990041436,7.709793963193926e-26,0.0017718433282101,14.472972972972974,20.63157894736842,13.894736842105264,1,111,3.443954037805532,0.2124498366928275,0.0366940674807287,25.98332439144494,14,2.3419942522324244,0.0868095497198845,0.0081847158076561,29.06363856083276,1.8632715206983184,3.137565884877203,1.1057067180351554,0.0
北运河西,709.3070175438596,D3,0.0045351473922902,0.0223149866007008,0.048084492999145,2.7248252150994515e-24,0.0026898923102896,355.19736842105266,656.6842105263158,419.1578947368421,1,624,4.03004065984069,0.9030386096584292,0.1398182763394315,24.388831201300537,162,3.425708855888052,0.195288997877762,0.0264579939773012,18.770267690702912,1.6022873240319122,3.6143864038849145,1.0520075839393286,0.0
北邵洼,93.52173913043478,D1,0.0045351473922902,0.0178932178932178,0.0483248620487964,1.1399896281138191e-26,0.0017309101940617,69.49333333333334,87.94736842105263,68.44444444444444,1,75,3.2092529508753094,0.1988251500344481,0.0667549466914166,36.64105594110324,38,2.779915935523865,0.0772300704570163,0.0258966110799026,13.948311041926765,1.443060089419687,3.0297256635053955,1.1082162162162161,1.1054735013032146
十三陵景区,55.90825688073394,D1,0.0045351473922902,0.0045042259327973,0.0422308909973075,8.404879158491387e-31,0.0026463316624643,67.9041095890411,59.0,42.333333333333336,1,200,2.867440929773845,0.3166604970578748,0.115635013680107,40.744846373821375,51,2.1644484652821765,0.1181023705689119,0.044349555808035,17.556161206645125,1.1065329555956938,2.682868983085855,0.9116517285531371,0.0
南法信,319.5438596491228,D2,0.0045351473922902,0.0134508348794063,0.047351737037473,4.716931513494418e-23,0.0029398690790179,184.25333333333333,307.6842105263158,173.05263157894737,0,321,3.3300656436069325,0.7757549220144305,0.1557075743680791,30.416844606208706,74,2.7972906700641142,0.168394503164426,0.0300647720025094,15.44136684205338,1.697556048257682,2.9106902382181072,1.0086359073759994,0.0
南礼士路,806.6842105263158,D0,0.0045351473922902,0.0780560709132137,0.0847332310407606,7.34724718388093e-13,0.0012461096214715,275.10526315789474,714.421052631579,313.7368421052632,1,1927,4.199450968558725,1.927166856514665,0.2415801120710441,4.348427084587256,284,3.628970336349148,0.2664161595573488,0.0349044898072045,19.00664739320288,3.143293718896262,5.5458464111025165,0.9093417817141888,0.0
南邵,367.3303571428572,D1,0.0045351473922902,0.0223149866007008,0.0507430780547375,3.238974180898777e-25,0.0029091806235927,171.97333333333333,372.72222222222223,163.26315789473685,1,183,3.41042457495908,0.5121806493657615,0.0797635504882667,34.96214443604836,87,3.208168786468754,0.1350356303165392,0.0224432136876861,13.332255188175274,1.9259225993836164,3.373719447283771,1.0328729504886518,0.9887317719840919
南锣鼓巷,672.1754385964912,D0,0.0090702947845804,0.0969903112760255,0.093714004343659,1.6769546776420438e-10,0.0034497381330917,1358.0394736842106,592.6315789473684,486.05263157894734,2,1620,4.03314236148834,1.765995298111056,0.3857772511891158,3.136553595364538,197,3.795382206411643,0.2168387156352068,0.0473532985844693,18.73795691382978,1.6930508830401594,2.465838235656076,0.8209846650524616,0.8217249984066831
同济南路,539.1261261261261,D4,0.0045351473922902,0.0017522160379303,0.0606976989205058,2.445759749036514e-08,0.0022583858827886,442.53333333333336,589.2222222222222,390.8421052631579,1,461,2.726272360950817,1.3222849683637403,0.21615874987834,18.793404716624888,208,2.81394713905547,0.4117295975030612,0.0624220812600355,11.903166533418345,1.7657274233222953,2.720200260214989,1.0345322133025388,0.0
后沙峪,574.921052631579,D2,0.0045351473922902,0.0178932178932178,0.0496825500414875,5.924074580481001e-22,0.0030697772718766,384.5,561.2631578947369,342.6842105263158,1,357,3.4803729542372093,0.575998344254848,0.1020568523246044,26.965862194872315,48,2.552229142699323,0.06708373045993,0.0199359280202569,20.714129392244065,1.9522803113580776,3.0323367615746126,1.031243114212266,0.8438703504365506
和平里北街,639.2017543859649,D0,0.0045351473922902,0.0208410636982065,0.0839807737766921,1.8373613266361968e-10,0.0013432895543405,288.38157894736844,578.6842105263158,333.1578947368421,1,1757,4.205362362533998,1.5663287127164172,0.2577486797260208,6.038497327000001,296,3.807980111143316,0.2151691309882303,0.0380773094623476,18.350523600705607,2.7688769844999808,3.793958456259471,0.9782781311891353,0.9609855433175218
和平门,363.3070175438597,D0,0.0045351473922902,0.0500412286126571,0.086969293915087,1.1920277410456903e-11,0.0014352147572896,487.0263157894737,337.4736842105263,190.73684210526315,1,1397,4.124871154640327,1.719416638038806,0.307705401826054,1.7538503373938106,223,3.880272125166582,0.2115881487791198,0.0369278515539966,21.98586022166177,2.7024810792155214,3.2540532705786256,0.953568555338467,1.3521483853749665
国展,373.5877192982456,D2,0.0045351473922902,0.0267161410018552,0.0550658744510462,3.606548718301713e-19,0.0020905208053741,199.57333333333327,328.3157894736842,357.0,1,1474,1.5845133734514394,0.9350667620051372,0.1782795986769835,22.43488504728072,825,0.6542470805626753,0.2126743888788944,0.0466078903817759,21.38178030430501,2.074946141395062,3.1601399086696262,0.9849982706940281,0.9898288859638628
土桥,537.3611111111111,D3,0.0045351473922902,0.0112657184085755,0.0406181520227138,1.71008527460791e-33,0.0022512778425785,352.6575342465753,509.6666666666667,298.6111111111111,1,829,3.679299400537471,1.0587167900618386,0.1444275810834145,24.50466158301144,144,3.324502945252734,0.2991094361893224,0.0344018450484977,17.84308543592981,1.4263311058033328,3.029889859034776,1.5994270236482968,0.8615278326095539
复兴门,1218.1666666666667,D0,0.0090702947845804,0.0837456194599051,0.0883110857010282,4.3894148665719855e-12,0.0032797607616609,270.7763157894737,1035.3684210526317,305.3157894736842,2,1991,4.06954349311534,2.0408734550040566,0.242839478354246,3.983319813181096,278,3.941321738032965,0.2080223514298254,0.0217909109461592,21.83057438170104,4.614994681652324,11.222435534041988,0.8844827965989692,0.0
天坛东门,518.9912280701755,D0,0.0045351473922902,0.0618016903731189,0.0813426342863248,2.5116330872435755e-11,0.0019735840026511,540.8684210526316,467.578947368421,321.89473684210526,1,944,4.1460295035186885,1.0024781553483488,0.1919201697815287,2.9594032082029007,111,3.518003953669857,0.1435907371900174,0.0305990580519029,26.29012589369353,2.0358145633424285,3.3524167340004,0.9708231902908014,0.8932450469784606
天安门东,480.7105263157895,D0,0.0045351473922902,0.0379818594104308,0.085633938614816,1.4139251440697322e-14,0.0013977471882997,106.36363636363636,541.2631578947369,542.0526315789474,1,655,3.943293436455303,1.4116968956696498,0.2249744757301448,0.3076882337178452,33,2.6289610024393806,0.1794592948910638,0.0261629317763798,31.192450333353687,1.5727058008928574,3.0440324573963884,0.9370648767092892,0.8821802267754129
天安门西,260.13157894736844,D0,0.0045351473922902,0.0378375592661306,0.0860404288297597,2.8272254598682137e-13,0.0016544339589388,67.0,290.6842105263158,277.7894736842105,1,380,3.5876506369301544,1.033514318583448,0.1909336315755884,1.06062534295856,23,2.235177307997703,0.1632282725340543,0.028099355359701,27.006879436648088,1.920586085597852,2.784244299714073,1.0321583652618136,0.0
天宫院,732.0925925925926,D5,0.0022675736961451,0.0,0.0440794820309317,5.920848762675449e-20,0.0013465723012319,654.1944444444445,682.5,563.0,1,278,3.352607480715939,0.5056148849936891,0.1058349250827282,27.065594190449108,112,3.108955200210646,0.1259936210855523,0.0205573079220949,47.857519820039535,1.4556168264739044,2.5409059256899726,1.2158749579000185,0.779874213836478
天桥,152.82456140350877,D0,0.0045351473922902,0.0603483817769532,0.0840619146209208,7.564648594983232e-08,0.0017842683177972,185.1447368421053,134.68421052631578,122.26315789473684,2,897,4.06273885740892,1.1385821363219173,0.2186666955173488,2.660494818608953,164,3.8828630041872847,0.185139630925732,0.031721598395514,19.243071859544425,2.1259321218386584,3.4271323098697515,0.8620805463043296,0.8792453586751673
安定门,525.2017543859649,D0,0.0045351473922902,0.0105132962275819,0.0895472227590089,1.1751543454152466e-10,0.0012480356191932,244.8684210526316,484.89473684210526,247.31578947368425,1,1655,4.130987642406257,1.4616085163773742,0.2619458271054543,4.845200296144917,176,3.569587977731609,0.1414173359625508,0.026855348214611,19.695920674586407,2.794978112448374,4.258269280723886,1.0596808310353611,1.045721034461874
安德里北街,209.0701754385965,D0,0.0045351473922902,0.0644197072768501,0.0869345340054487,4.937358319034669e-12,0.0015747397978923,96.29333333333334,193.0,96.0,1,1122,4.013361605440961,1.7685121151316,0.280572483044001,5.775546847052178,187,3.627849996601899,0.225814434629083,0.0356496669723908,14.052881497098856,3.227345681458134,4.754515096907466,1.0394644115574347,0.0
宣武门,722.1379310344828,D0,0.0090702947845804,0.0852298495155638,0.0881678978847315,7.94167653367066e-10,0.0024971362762093,322.961038961039,626.75,330.10526315789474,2,1768,4.195171306803518,1.97057505236134,0.2923058502542873,2.568029013118013,259,3.71918365413692,0.2478948547625251,0.0329540303276381,24.45176959757615,2.978581268958846,5.173532550522903,1.0249016932830433,0.7957365938544672
崇文门,1541.7456140350878,D0,0.0090702947845804,0.1716347144918573,0.086969293915087,6.221508992805429e-13,0.002735716259935,1069.0,1359.4736842105262,991.0526315789474,2,2511,4.200361818623456,2.008390750773869,0.2665000564754125,1.256449517940602,356,3.852729719571416,0.2750858652721322,0.0337276151782169,20.74098939164147,2.243149984955901,2.9757709685590696,0.9815436185029185,0.7317144916238913
平安里,643.1623931623932,D0,0.0136054421768707,0.1788703360131931,0.0985323687799015,2.9221249505290376e-07,0.0046804908532889,428.5263157894737,560.85,411.10526315789474,2,1554,4.073525462756772,1.6953982303098292,0.3389241875446122,4.0909928368631725,295,3.864348528082377,0.2541635335495344,0.0494104685307471,20.178905486802776,2.4697062959469025,3.719597904628418,0.9697860748337473,0.9685105524936146
广安门内,941.5350877192982,D0,0.0045351473922902,0.0583487940630797,0.0841594908421871,9.75329217036087e-10,0.0019782555033086,462.5657894736842,815.2631578947369,498.5263157894737,1,1768,4.079553648445751,2.096535162697393,0.2853028735818471,4.257903075543004,478,3.66923591710194,0.3414055509387628,0.0456147281706034,17.370764672010722,2.992993127411056,4.59557383385875,0.8574757399689714,0.8410021254258716
广渠门内,605.6666666666666,D0,0.0045351473922902,0.0276850133992991,0.0803065180290318,1.7870783428147142e-14,0.0017947390231728,277.80263157894734,548.578947368421,375.05263157894734,1,2195,4.103848187012479,2.0057039157336365,0.2696538750399189,2.92172163034771,454,3.976621973932384,0.3258796808878594,0.0380720485892252,17.47245567290712,2.697684092546542,4.391071063017084,0.9608592927155586,0.8155909044560008
广渠门外,457.0701754385965,D0,0.0045351473922902,0.0258091115233972,0.0782833198062381,5.108954117915188e-16,0.0017488901640706,212.26315789473685,429.7894736842105,250.47368421052636,1,1201,3.963121035948067,1.628580771015386,0.2124295753791867,4.119395246700534,350,3.680415312242086,0.2746172821013331,0.032606353966277,19.603396366881107,2.224990064303661,3.0503273614474806,0.9993314580521462,0.8743175791608174
广阳城,203.40350877192984,D6,0.0045351473922902,0.0737682951968666,0.0524310483503995,1.8044637264640828e-17,0.0020515172268669,99.64473684210526,186.7894736842105,104.78947368421052,0,223,3.5868919135667974,0.4625717878839149,0.0995916832438177,25.59996025922147,51,2.919239624166476,0.0916169379262662,0.0232490460598923,8.68989994368187,1.990189478552752,3.770078176744372,1.0460149527436873,0.0
张自忠路,357.0964912280702,D0,0.0045351473922902,0.024654710368996,0.087989564757942,9.245510340627548e-11,0.0011981209719778,164.6266666666667,309.63157894736844,174.47368421052633,1,1866,3.923854304659669,1.5234826613437011,0.3261071472045,3.3338713284644546,314,3.612806628152684,0.2518654044079201,0.0468280196678763,16.49256159660901,2.205952133538112,3.1419813498179803,1.023791663948862,0.9083995556694864
德茂,70.81651376146789,D4,0.0045351473922902,0.0045042259327973,0.0514390928418192,2.9824697278004333e-19,0.0027483943881119,64.29166666666667,64.22222222222223,56.833333333333336,1,194,3.3390843445415856,0.4036568759363598,0.0920733446406155,15.120395728410264,12,1.6762349391347309,0.0374006050743343,0.0066491278857218,11.129333584831036,1.7470066417745895,2.843659886147781,1.01624536096912,0.0
房山城关,71.78301886792453,D6,0.0045351473922902,0.0045042259327973,0.0316977854971775,1.6137390967417983e-38,0.002631515302091,78.6,63.35294117647059,50.35294117647059,0,738,3.953874000504781,0.6991941511723015,0.134435005545467,41.7687104749274,255,3.624995277561575,0.199023087757756,0.0354153743867957,10.2276525407635,1.777831869251375,3.157220097944071,1.0406476525980624,0.0
新街口,468.0,D0,0.0045351473922902,0.072737579880437,0.0931521216623694,5.809851035484651e-09,0.0012556850920217,268.8181818181818,419.0,284.2631578947368,1,1749,4.166960353310762,1.8758807306518368,0.3096496715925856,4.95733772695661,230,3.9772706537493048,0.2787981099286932,0.0429767746769867,17.521625399795486,2.504894395671902,3.8650333101135534,0.9184038186597796,0.8297534512415651
旧宫,535.2792792792793,D4,0.0045351473922902,0.0470315398886827,0.0616263504977001,2.4735373883962114e-14,0.0026567504775906,336.4864864864865,507.3157894736842,334.55555555555554,1,1106,3.8090686589867673,0.9784901993899188,0.1871087251996866,12.002630509162405,201,3.618463102150239,0.1744933083180237,0.0307880119242379,10.401422762136356,1.831769548458834,3.528932178513577,0.9227938909330099,0.0
昌平,581.9561403508771,D1,0.0045351473922902,0.0089878375592661,0.0440928854817824,1.4045710019017394e-29,0.0030446766030038,478.6,598.7368421052631,426.3333333333333,1,3354,3.9521824581700287,1.8173097971833168,0.2852311472636101,37.86499558971293,1008,3.725636950170704,0.4761298409812807,0.0737620519685126,21.543486877214463,1.5474626530725846,2.7683569740368683,1.0150434930922736,0.0
昌平东关,305.2909090909091,D1,0.0045351473922902,0.0134508348794063,0.046116867185759,3.312789658695038e-28,0.0020773272586657,239.4931506849315,292.2631578947368,196.5,1,713,4.07389392322999,0.7516516071827571,0.115115598756717,37.128135066497,310,3.878397960261292,0.28551712414291,0.0374570864242321,15.91770277464252,1.6706933615916928,2.726100956990976,0.8546645908538776,1.3560975609756099
昌平西山口,84.68518518518519,D1,0.0022675736961451,0.0,0.0405122376758488,1.7816389680840773e-32,0.0009275362504395,107.87671232876713,115.72222222222224,83.72222222222223,1,69,2.789671098819888,0.2177999992197972,0.0761475282824755,41.62646974292984,14,1.9459101490553128,0.0391882880810387,0.0129509122354004,14.60131812149402,1.4930108473790191,2.366676030468548,1.2114297461198478,0.5067840117345067
星城,73.88679245283019,D6,0.0045351473922902,0.0354566068851783,0.0362094563145717,2.5955917035435597e-32,0.0024436429044092,66.27777777777777,68.38888888888889,68.5,0,252,3.614305128792434,0.4837035526251743,0.1194933514589302,36.22237248573667,113,3.4108855710447594,0.1816438294420369,0.0376621998953245,15.209282102522716,1.84160536816664,3.5166664045056457,1.1376046844147885,1.0589823984105797
景泰,278.50892857142856,D0,0.0045351473922902,0.0249020820449391,0.0835934681328334,4.256752339777517e-08,0.0014071944590888,165.65753424657535,266.55555555555554,182.33333333333331,1,1353,3.941247929879648,1.8477434363876064,0.339422528307663,4.52695448697985,207,3.668041130411223,0.2567361641543612,0.0506660145945107,9.37163512480427,2.0235024323256643,3.109389781812565,1.0768250681849854,0.9077259931185486
木樨地,629.2017543859649,D0,0.0090702947845804,0.1003092145949288,0.0847002352342806,3.1549294814736006e-11,0.0030530979986464,279.5394736842105,576.9473684210526,286.0,1,1286,4.215474347781993,1.8847510974492256,0.2500743574701589,5.628121235293292,189,3.540280991178844,0.2275210473192359,0.0325210797450614,16.814172260188826,3.424185706572288,5.103235171383219,0.9641095376535683,0.7497515135086293
果园,430.9724770642202,D3,0.0045351473922902,0.0280766852195423,0.0478780990714577,1.6949455165307582e-26,0.0019958913978718,192.90540540540545,412.5,195.16666666666663,1,1747,3.938800443428707,1.4929989342294967,0.2246172709281848,20.871961192874853,429,3.671533033584834,0.3879609212785228,0.05801325043944,26.03385315324451,1.4957979229102518,3.507248469494192,1.1072532733049338,0.911692271607834
枣园,591.6754385964912,D5,0.0045351473922902,0.0267161410018552,0.0597801852636066,1.5910903433903047e-10,0.0018788480787744,400.0131578947368,576.5263157894736,423.7894736842105,1,1384,3.914233615182067,1.255997928038635,0.189462068304666,17.94672386848639,519,3.691545668324759,0.3684365559984,0.0485840408929377,16.69486068711538,1.5636904804392342,3.0080984501406327,0.9665051574495026,1.1463473516488822
桥湾,241.92105263157896,D0,0.0045351473922902,0.0164399092970521,0.0835292642402583,1.8757505924060987e-11,0.0013987989368367,115.70666666666666,214.57894736842104,125.10526315789474,1,1345,4.024786842818735,1.3717293700681843,0.2587217168409451,1.4930368409502777,275,3.751426433354162,0.2519678116453591,0.0421373908209087,25.43222328505136,2.7009437832530456,5.5610607940324845,0.9704187109989044,0.9365843287332328
梨园,689.2293577981651,D3,0.0045351473922902,0.0196763553906411,0.0439503342254258,6.116684893955346e-30,0.0022026397199163,380.83561643835617,648.7777777777778,376.1666666666667,1,1701,3.886690165879807,1.3424790989718467,0.1953978124620681,22.842979077591888,611,3.6140213229404816,0.3999842548205795,0.0523958508074484,16.127747428811638,1.447306704858014,3.25911683609959,0.9993923230140779,0.9547315869187188
次渠,125.74074074074076,D4,0.0090702947845804,0.0185013399299113,0.0576109665161257,7.492781669617874e-13,0.0035764309938519,81.76388888888889,116.27777777777776,72.55555555555556,1,156,3.463609417087712,0.2001551545751355,0.0430277646982937,19.695920133796548,28,2.5026614364092272,0.0322090633597743,0.008548574173415,4.957399426864657,1.9174500525485425,3.57546242997779,1.0255562505584843,0.0
次渠南,203.63888888888889,D4,0.0045351473922902,0.0056792413935271,0.0573905551666576,3.4357298253403946e-11,0.001889832276435,120.13888888888889,201.38888888888889,115.55555555555556,1,286,3.560845709346602,0.7464805768016326,0.0934955201814068,19.55892205039929,13,1.4105135571148382,0.1502490596491526,0.0188160868514857,11.424079322546326,1.7860845960820793,3.243519750482816,1.0611199184690294,0.0
永定门外,301.5701754385965,D0,0.0090702947845804,0.0915378272521129,0.0864336197423535,2.30974384079102e-06,0.0033032908317613,232.3815789473684,277.5263157894737,189.6315789473684,2,1033,3.8585739281626616,1.597551315115235,0.2750855389225601,4.2251046162337005,106,3.21914532471869,0.1543713334341194,0.0303054813850418,22.296922969451543,2.0233773918290274,2.724859131506658,1.0187227623198123,0.0
清源路,466.4035087719298,D5,0.0045351473922902,0.0223149866007008,0.0564668234895204,3.272691330427622e-12,0.0020178653489738,333.9066666666667,460.578947368421,380.05555555555554,1,1537,4.036273302298538,1.3433403351423037,0.2146121725816312,19.063715480764984,279,3.820881886951904,0.2360566034673889,0.0439147463482383,18.314624046157867,1.724186872238372,2.858016577575301,1.0268707706458182,0.8047832786226301
湾子,523.8157894736842,D0,0.0045351473922902,0.0089466089466089,0.0787937707232866,1.0386273865213336e-11,0.0011482173090231,250.50666666666663,482.8421052631579,267.05263157894734,1,2063,3.961651588749572,1.884688027552716,0.239247603025577,6.6904343023896375,308,3.5858142189824003,0.2192505860976823,0.0307440915326251,22.900834640030983,2.4175261385524327,3.2954300079270684,1.1235177974608148,1.0201579964788197
潞城,446.561403508772,D3,0.0045351473922902,0.0045042259327973,0.0403731237274492,6.0381557260883755e-31,0.0027030841123118,261.5657894736842,410.05263157894734,221.10526315789477,1,135,3.491580150099783,0.1792345535200265,0.0561736419861013,29.437690936236223,61,3.2445668030684507,0.0272317880353996,0.0088135372628183,16.164976785012573,1.6917074681427138,3.733532400278211,1.1332641821639375,1.0641016173103905
瀛海,173.92592592592592,D4,0.0022675736961451,0.0,0.0489116717071357,7.665976739070899e-21,0.0013096182773004,153.86111111111111,167.77777777777777,129.66666666666666,1,294,3.381823999930808,0.6105451149936518,0.1286300435388192,16.548508324975717,61,3.234085184791782,0.1429464325019126,0.0293548475649507,18.77298611968501,1.4962895782379535,2.618921711740357,1.003683935719673,0.0
灯市口,832.6754385964912,D0,0.0045351473922902,0.0242939600082457,0.0879717711149171,1.2113091253383676e-13,0.0012695711385177,405.1578947368421,714.6842105263158,392.5263157894737,1,2913,4.260672695637352,2.24549763863947,0.330473253336387,1.7717518281143525,510,3.940851949899768,0.4232386910705867,0.0472810275350112,19.24340718575306,2.4306359032259945,4.500642713493007,0.9554551993139506,1.0363455632160472
燕山,81.51428571428572,D6,0.0022675736961451,0.0,0.030719610773481,5.792634477750699e-40,0.0015441079362689,74.5072463768116,68.94444444444444,54.16666666666666,0,339,3.728853844459403,0.6016982944842207,0.1213404355407604,42.18691141216604,92,3.604509197053788,0.1825553588253921,0.037348714719805,13.80872387733142,1.908623939230724,2.9323457311364507,1.0988996847049741,0.8812383691422772
物资学院路,942.4821428571428,D3,0.0045351473922902,0.031096681096681,0.0530836373597639,1.1894415140665037e-21,0.0025367501353398,519.68,899.6315789473684,561.5263157894736,1,566,3.653588722964123,0.6613990944417817,0.1242401870642022,20.342089926234,354,3.446193721043404,0.3481564230199238,0.0596595710097641,13.783413810700305,1.5124933023113547,3.3739777325024627,1.049339001874918,0.8287669509648526
王府井,821.6666666666666,D0,0.0090702947845804,0.0741187384044526,0.0879006684508517,6.72939270994999e-13,0.0028112065077374,1972.921052631579,735.2631578947369,678.0,1,2517,4.236255431568428,2.24301199884564,0.2786474917739721,0.747225760280095,488,3.881451699290192,0.3068467136884421,0.0364551280299496,19.4827050775582,1.8935746621152367,3.7243806009418368,0.8596104881796737,0.0
珠市口,284.8421052631579,D0,0.0090702947845804,0.1216862502576788,0.0861085526847318,1.1660314471025983e-09,0.0026926319274434,373.4605263157895,252.10526315789477,187.8947368421053,2,1773,3.886141089400607,1.510134845478361,0.3102340462312282,1.642586759601239,224,3.515607768511898,0.1763665967170689,0.0398896,27.491678242312773,2.114752112307452,3.52073896077254,1.055871392035075,0.8774768267726014
生物医药基地,538.1981981981982,D5,0.0045351473922902,0.0045042259327973,0.0461217565906769,1.898869011203249e-18,0.0031036558931235,413.04,501.2631578947368,408.27777777777777,1,825,3.484898653424671,0.9646101416656756,0.1437012859893758,25.29769996213176,520,3.475149017440761,0.3729755889615903,0.043879000444303,36.03305235200722,1.6184399238707547,2.7323738324670743,0.8648896181953482,1.3033302639656232
石门,502.7130434782609,D2,0.0045351473922902,0.0089878375592661,0.045220416648988,2.191817136651302e-24,0.0019266860446894,313.4605263157895,478.7368421052632,295.89473684210526,1,1646,4.18559733606176,1.435220653593634,0.1984661712026132,32.1629732949095,399,3.9612402809279055,0.3563018737576138,0.0571525403403401,19.359411463494816,1.6839674257254955,3.2096300909470883,0.9599923348805518,0.8638757240652976
磁器口,606.2869565217392,D0,0.0090702947845804,0.0963924963924963,0.0846507896795612,8.503343364551219e-13,0.002799166167966,323.44736842105266,521.1,375.1578947368421,2,2772,4.053073492245809,1.6877527192554456,0.256365862119577,1.9739196265678751,413,3.556013957148611,0.1877096018370754,0.0293335305145732,25.672379112811576,2.4993008705349715,4.585441688753121,1.0044227612620826,0.0
积水潭,1531.122807017544,D0,0.0068027210884353,0.0851267779839208,0.0946725589038662,8.401203289389692e-09,0.003024310526876,907.9342105263158,1509.4736842105262,895.0,1,1537,4.115670646772617,1.5472087323696333,0.2620507726723113,5.438269299437999,201,3.43036585971302,0.1415254219585742,0.0262900803472899,24.256802773228127,2.414861214747721,3.026764327783202,1.0747727790757307,1.4888844051505923
篱笆房,349.5263157894737,D6,0.0045351473922902,0.0779220779220779,0.0551077284219996,9.241516042347808e-16,0.001805658744731,337.63157894736844,335.89473684210526,183.73684210526315,0,160,3.7535810899313695,0.3307047610366897,0.0521303998776463,24.364384664263053,111,3.557385369798421,0.1192892945674488,0.0152539432786563,19.636090660247056,1.588943600841322,3.8264821478831137,1.0466639489061014,1.9857270294380023
经海路,532.3545454545455,D4,0.0045351473922902,0.0021232735518449,0.0587865416436845,9.620412059475844e-10,0.0022937911864263,229.9189189189189,530.7777777777778,233.27777777777777,1,422,2.3593313555059425,1.236168051806271,0.1741696066331473,19.190337989912,69,2.5686693082669154,0.1654587566352277,0.0206292199940939,19.35212648397816,2.4654332527256773,5.365949829213132,0.9635335345754832,0.0
良乡南关,213.61261261261265,D6,0.0045351473922902,0.0569470212327355,0.0438131139251954,3.063043801116862e-24,0.0018446450937489,180.04,188.31578947368425,146.26315789473685,0,1260,4.00128668708304,1.0970766600746178,0.170411257002994,30.25929411005935,408,3.604247349729976,0.3337276147481658,0.0545893689732837,15.85471199584995,1.6519985685725345,2.9813702236671564,1.0150514981273409,0.0
良乡大学城,219.92792792792795,D6,0.0045351473922902,0.0653988868274582,0.0477572080539318,7.533005297613271e-21,0.0020151476535554,167.63513513513513,228.1578947368421,173.61111111111111,0,248,3.480315723815269,0.411880003527961,0.0611052472425433,28.05263264193361,72,2.943535550586143,0.0931882095712595,0.0110035108664191,30.89934980422569,1.5273273992825585,3.194785744900385,1.0215654205607478,0.0
良乡大学城北,156.5438596491228,D6,0.0045351473922902,0.0695938981653267,0.049990853615636,4.787619660373122e-19,0.0020392991659637,95.06849315068492,170.10526315789474,89.16666666666667,0,105,3.32624941041996,0.5585415120353299,0.0919120525810969,27.09814465926712,29,2.614160943630355,0.1221374747927164,0.0232084577074052,29.43589631341777,1.7412749044160136,3.1135000923015284,1.017566711258185,0.0
良乡大学城西,268.6929824561403,D6,0.0045351473922902,0.0611832611832611,0.0457050229211247,1.7353465378702897e-22,0.0021416549578087,181.6315789473684,268.89473684210526,190.6315789473684,0,616,3.829972371788093,0.7357919687356259,0.1216686477665005,29.2867484460484,164,3.488254498095085,0.1959535012284208,0.031552774665306,20.809192304863487,1.6670447560063886,3.607145442962025,1.005314712443022,0.0
花梨坎,408.4035087719298,D2,0.0045351473922902,0.0223149866007008,0.0522421530158839,1.0142194307776595e-20,0.0020166334188275,214.13333333333333,391.05263157894734,197.8947368421053,1,322,2.982052662324319,0.7852661245551587,0.1543048266760094,23.872761927789394,43,2.8943722146047253,0.1581038364483282,0.0361118070748131,16.45660296075294,1.9994990744413128,3.250117385702339,1.0743486136268636,0.8702193637303318
苏庄,234.7037037037037,D6,0.0045351473922902,0.0526901669758812,0.0420634701376199,5.404048470608299e-26,0.0022988733705968,161.78082191780825,213.33333333333331,126.11111111111111,0,899,3.88500757387656,1.057014664018039,0.1740384004573769,31.262740960173844,310,3.6967296369498577,0.3118449387295962,0.0474570573645389,9.24198129889476,1.7846459395196903,2.9419462261011966,1.0819699223268882,0.0
荣京东街,451.0267857142857,D4,0.0045351473922902,0.0303854875283446,0.0599531984789505,1.4356135897170177e-08,0.0016033204545983,200.40277777777777,430.42105263157896,205.42105263157896,1,1108,3.120858863958032,1.323213766398617,0.1930135913852773,15.631382593126029,255,2.751348425508468,0.3369994067644695,0.0446805764556238,18.609503277299847,2.849636156653028,6.0644884440057,0.9283452045275353,0.6541861036091332
荣昌东街,463.1578947368421,D4,0.0090702947845804,0.0268501339929911,0.063321747913139,6.125787239529742e-07,0.0040257527876437,209.7894736842105,489.4736842105263,332.3157894736842,1,955,2.7765139719338308,1.4616244818223882,0.2257866829529623,16.977538280279294,428,2.415298091327123,0.392536225979913,0.0583242075216205,20.06305639064709,2.923878901523525,5.378015445743896,0.8272059729443363,1.0246811158353208
菜市口,516.948275862069,D0,0.0090702947845804,0.0936817151102865,0.0872308819256597,3.9334179493103626e-08,0.0028105689723248,320.4025974025974,465.65,355.3684210526316,2,1589,4.132785794719189,1.582831718070615,0.2536531290173993,3.0695738787434688,176,3.626829032187623,0.1753570639467411,0.0238551635606958,21.798133690371284,2.4272892822931125,3.6965667315724096,0.9680609137055837,0.0
虎坊桥,307.140350877193,D0,0.0045351473922902,0.0566274994846423,0.085583397238494,5.901194035949266e-10,0.0014570854029062,173.85526315789474,275.5263157894737,166.26315789473685,1,1638,4.083972908148715,1.655282992326408,0.3042424301991734,2.4073152936123625,210,3.5637275644975768,0.1787600110121864,0.0385426643675731,21.079253037227915,2.590902649087067,3.560183708759087,0.9724874371859297,0.7624041129427126
西单,1689.7478260869566,D0,0.0090702947845804,0.0734178519892805,0.0882215388690458,1.2898521381400256e-11,0.0031680276487329,2325.116883116883,1513.7,1480.5263157894738,2,2052,4.232457957239991,2.0695156601169824,0.2833566168490741,2.332992700677872,214,3.7683871972152287,0.3089694844762304,0.0308075258752456,31.110972713899724,2.218273318246308,4.263791417648048,0.9311540973864731,0.9872190137073545
西四,421.4224137931034,D0,0.0045351473922902,0.0357967429396,0.0906292517006802,5.3478874806124885e-09,0.0013795763341895,290.92105263157896,390.35,377.7368421052632,1,1444,4.140429493784297,1.7927547281328535,0.3650711826904114,3.300693116599096,316,3.771437760823965,0.2407766973293202,0.05168233245589,18.85897716174967,2.7173225443415614,4.370789947264834,1.0492361955148828,0.8916815995472979
西直门,2042.1391304347824,D0,0.0113378684807256,0.0904143475572046,0.0913524586651124,2.2380769973945048e-10,0.0039933359588562,1078.0128205128206,1861.3,1115.9473684210527,3,2627,3.952093560603193,1.8421312088162327,0.2550115526408743,5.643164046087153,556,3.82973780393434,0.1954542644913459,0.0250581698736588,25.604326840425443,2.6763848140312096,4.779362275511564,0.9971026963440602,0.0
西红门,980.2631578947368,D5,0.0045351473922902,0.0397959183673469,0.0724068588820348,1.3437779939186626e-05,0.0026479192247027,1051.8552631578948,945.3684210526316,930.2105263157896,1,1289,3.8025334988027417,0.8996527670003788,0.153727433220765,14.34719125132638,510,3.730592708974608,0.2020045503751224,0.0338303975970734,22.83920498743321,1.4632094262498363,2.541283088784656,0.9780701557167335,1.6711122190369354
车公庄,878.9391304347826,D0,0.0090702947845804,0.0822923108637394,0.0948376734604894,6.956440953623974e-09,0.0023957086551981,300.0657894736842,830.5263157894736,344.0,2,2168,4.067414893610831,2.0174343135554462,0.2741089493352497,5.04158250690984,403,3.7173654940549135,0.2769937182139352,0.0331939113975643,19.497294253495703,3.371806920114112,6.08735678678838,0.9328615942997419,1.0690626193203512
车公庄西,544.1666666666666,D0,0.0045351473922902,0.0751288394145537,0.0893082340717029,1.0647670524450312e-10,0.0012547482648985,201.30263157894737,509.2631578947368,224.1578947368421,1,1770,4.08686968760637,2.0106101849961457,0.2896050386671147,5.88494551037381,214,3.899209583082392,0.2934621621259965,0.0397246416100991,20.114679965772577,3.2231201799910445,5.713599239747155,0.9693838585772367,0.9828224991579656
达官营,704.5263157894736,D0,0.0090702947845804,0.0806843949701092,0.0838189611104557,9.197157527042151e-10,0.0034301741685294,384.0394736842105,656.3157894736842,428.42105263157896,1,1731,4.09354825938946,1.701634381977907,0.2123021651198373,6.034988091656983,262,3.781272386253741,0.2025476164308241,0.0251080463032659,14.990439569170624,2.293596135852471,3.404931923660946,1.0008428249602217,0.9881426083065664
通州北关,772.2727272727273,D3,0.0045351473922902,0.0267161410018552,0.0504664046593115,5.298939267128157e-23,0.0030180050417742,398.52,703.421052631579,411.1111111111111,1,495,3.834868898207382,0.5712298700123538,0.0946235831028222,22.140442535826857,59,2.757294176730242,0.1234898475378275,0.0131563503394336,21.08070476478278,1.6019799704166031,3.373385827341429,1.0088776205252403,0.9827251133664436
通州北苑,714.280701754386,D3,0.0045351473922902,0.0322716965574108,0.0501175585441549,6.790534096736874e-25,0.0023539239747956,479.35526315789474,674.4736842105264,434.6842105263158,1,2318,3.7414209763998256,1.3837488798497837,0.216313968600399,20.02933708179028,1233,3.492872076496424,0.3566649512475487,0.0486772006278212,16.94301229130811,1.7665594692338498,3.404513609645212,0.8649886597861982,0.9357442185317398
郝家府,109.84684684684684,D3,0.0045351473922902,0.0134508348794063,0.0439104076070723,1.19454727982499e-27,0.00184102403154,29.01333333333333,110.33333333333331,25.84210526315789,1,58,2.990036955633568,0.3152581049695288,0.0430753083460482,26.902413066364737,17,2.282374376159249,0.0579590744050627,0.0059158466937104,31.48818398685636,3.685258702865138,9.20259476968692,1.1649503493931592,0.026206896551724142
长椿街,970.9649122807018,D0,0.0045351473922902,0.0468975468975468,0.0855329154862888,1.296177455084639e-11,0.0015331352396198,341.75,895.7368421052631,404.7894736842105,1,1631,4.196259207157907,1.8555149330344192,0.2813966651344061,3.492394591891774,263,3.979318903367816,0.2511827080458295,0.0368296809507258,20.34154421554404,3.00659983700382,4.0475985663946,1.1165707680778367,1.0937279205442398
阎村东,61.92727272727273,D6,0.0045351473922902,0.0484126984126984,0.040440681246004,1.6500093262763426e-27,0.0025639774523976,47.74647887323944,56.8421052631579,41.11111111111112,1,130,2.915430348034153,0.3700881148710008,0.1146382959218968,32.49532441109306,12,2.138333059508028,0.1120337483959679,0.0354126015807862,11.53756183783764,1.6560721805496843,2.9345716069730976,1.058758409265094,0.0
阜成门,1335.6666666666667,D0,0.0045351473922902,0.0046485260770975,0.0894367615467239,1.1807925274313188e-10,0.0018114247062133,368.0,1141.0526315789473,437.0,1,2216,4.024047496168508,2.079839936193302,0.2795154803605932,4.50771208709469,452,3.8360866118407926,0.1835698829037945,0.0212780320005994,21.365103894557027,3.952412556681642,7.99678758845199,0.9469817872307499,1.1795293220904197
陶然亭,798.8879310344828,D0,0.0045351473922902,0.032209853638425,0.084502798788513,1.9010661370300984e-06,0.0016637109465522,509.1410256410256,696.15,485.9473684210527,1,1306,4.144892261659736,1.5895493337147673,0.2633730123216418,3.903004882476616,253,3.827798771114955,0.2328399838972545,0.0386495847522155,20.585973082397384,2.2623435034295274,2.995536742965798,0.9671263809480047,0.0
雍和宫,907.4912280701756,D0,0.0090702947845804,0.0320861678004535,0.0890340581586707,8.818168553517523e-09,0.0024298069156238,546.0394736842105,912.6315789473684,480.6315789473685,2,1690,4.016973784910027,1.3790684714209065,0.2550359107174162,5.002969718253664,313,3.562805789418087,0.1511432767739273,0.0287876777057466,20.10522074181771,1.920720914650379,4.444510427613039,0.9712863959372537,0.9055835030973267
顺义,759.7105263157895,D2,0.0045351473922902,0.0045042259327973,0.0432640883305087,5.117285623352985e-26,0.0021941904672921,500.85526315789474,717.3157894736842,453.1578947368421,1,2099,4.216314529601716,1.4843166014096012,0.2074897080217486,33.049346359157624,617,4.123669894127664,0.3374533064022231,0.0526990623159588,21.91485464949209,1.6600378303490306,3.096693867421952,0.9951793087547945,1.0918988257737723
饶乐府,43.55339805825243,D6,0.0068027210884353,0.0223768295196866,0.0327353757365689,5.232421167971288e-37,0.0028827964158824,42.38028169014085,37.588235294117645,28.823529411764707,0,223,3.341292534394076,0.4354822600585613,0.1262086986423022,40.865031129668544,113,2.985430446821565,0.1397298485342704,0.0414860003022078,7.915648678602384,1.6148097621116375,3.105469336505378,1.3292050011795236,0.0
马各庄,39.73076923076923,D6,0.0045351473922902,0.0267161410018552,0.0338221433807545,3.089745493611393e-35,0.0020325605039478,31.49275362318841,35.294117647058826,21.647058823529413,0,197,3.4408664693773447,0.3355278851630323,0.087239074013627,39.8969094906641,101,3.066881650923312,0.1361003016695706,0.0316276401576038,9.072899746381028,1.6947461087286555,3.4754657834469094,1.193983694124262,0.9088582677165354
高米店北,360.3243243243243,D5,0.0045351473922902,0.0354566068851783,0.0676653302478247,4.117036497276388e-07,0.0016640982182988,210.3733333333333,331.2105263157895,227.8947368421053,1,966,3.680541990521486,1.0074552020742544,0.1823318599913359,15.913023813561496,419,3.613044253975494,0.3005362826639547,0.0455365788068414,24.784697197518067,1.6438628271092517,2.8098861884752413,1.1161951745933862,0.8654770075497595
高米店南,403.4298245614035,D5,0.0045351473922902,0.031096681096681,0.0634880922596709,8.306613849018886e-09,0.0016712595156642,276.6575342465753,391.2631578947368,277.2631578947368,1,1243,3.811708629720764,1.0746843215268098,0.1614106968721069,16.921630151691264,600,3.535552442102606,0.3181422854087893,0.0447908540658769,16.79073995795906,1.8933457202125863,2.720937174593312,0.983979247324443,9.112554112554111
黄村火车站,313.70175438596493,D5,0.0045351473922902,0.0134508348794063,0.0507964045029501,1.1839819236293597e-15,0.0020521634125449,243.74666666666667,294.7894736842105,217.8421052631579,1,1033,3.960351034772836,1.040673499001593,0.1940696286627621,21.15264708515504,300,3.737671762110084,0.307725898387266,0.0556310367189515,24.825009326022386,1.5507569286479377,2.799607302511894,1.2808150058466417,0.8271625905797101
黄村西大街,604.4649122807018,D5,0.0045351473922902,0.0178932178932178,0.0534883079015449,6.883420596658449e-14,0.0018193401090034,510.89473684210526,562.8947368421053,481.9473684210527,1,2139,4.064589406749328,1.4625515320591669,0.2252278789789601,20.21758936752922,532,3.917552556112042,0.4056084533205355,0.0608285508691179,19.901119163351343,1.7380061268501554,2.825886797,0.9155417847592512,0.9883373889589258
鼓楼大街,585.938596491228,D0,0.0090702947845804,0.0890228818800247,0.0929729446811851,2.5683906297744485e-10,0.0030391705446541,340.4605263157895,541.7894736842105,315.63157894736844,2,1480,4.137283205803786,1.6124395216431708,0.2993292875713475,4.885758314190074,177,3.5742437827046625,0.1470452537234548,0.0327911202906351,23.95387806129504,2.8401099675609154,3.663315130642204,1.0446857067723545,0.9482377332411884
